approved,timestamp,id,name,type,category,sub-category,lat,lng,short_description,description,months,image,tags,likes,dislikes,reports,comments,what_three_words,season,plus_code,link,address,town,area,county,postcode
True,,2,The Onion Garden,Community Garden,vegetables,community-garden,51.5075,-0.1340,Organic garden behind City Hall.,"The Onion Garden is an organic garden with over 150 species including herbs, wildflowers, and fruit trees. Open to local community.",4;5;6;7;8;9;10,https://images.unsplash.com/photo-1591857177580-dc82b9ac4e1e?w=512&q=80,"herbs, vegetables",52,0,0,,onion.garden.westminster,Spring/Autumn,,https://westminster.gov.uk,Behind City Hall,London,Westminster,Greater London,SW1P 2JA
True,,3,Church Street Community Garden,Community Garden,vegetables,street-planters,51.5080,-0.1580,Community courtyard garden in shopping district.,"Community garden with raised beds, flower beds and composters. Place for people of all ages and cultures to meet, learn and bond.",4;5;6;7;8;9,https://images.unsplash.com/photo-1591857177580-dc82b9ac4e1e?w=512&q=80,"vegetables, herbs",48,0,0,,church.street.garden,Spring/Summer,,https://www.westminstercommunityinfo.org,Church Street,London,Westminster,Greater London,NW8 8HB
True,,4,Lisson Green Community Allotments,Community Garden,vegetables,community-garden,51.5200,-0.1800,Renewing parks with herb and vegetable allotments.,"Gardening workshops for the community to support them grow herbs and vegetables, with compost and free plants provided.",4;5;6;7;8;9,https://images.unsplash.com/photo-1591857177580-dc82b9ac4e1e?w=512&q=80,"herbs, vegetables",33,0,0,,lisson.green.allotments,Spring/Summer,,https://westminster.gov.uk,Lisson Green Estate,London,Westminster,Greater London,NW1 6UP
True,,4,Westminster Community Garden 1,Wild Foraging,vegetables,street-planters,51.5159,-0.1403,Local food growing project in Westminster.,A community project in Westminster growing seasonal produce available for local residents.,4;5;6;7;8;9,https://images.unsplash.com/photo-1591857177580-dc82b9ac4e1e?w=512&q=80,herbs,25,0,0,,westminster.garden.36,Spring/Summer,,https://www.westminster.gov.uk/parks,"Local Park, Westminster, Greater London",London,Westminster,Greater London,SW1A 1AA
True,,5,Westminster Community Garden 2,Community Garden,fruits,street-planters,51.5106,-0.1491,Local food growing project in Westminster.,A community project in Westminster growing seasonal produce available for local residents.,4;5;6;7;8;9,https://images.unsplash.com/photo-1591857177580-dc82b9ac4e1e?w=512&q=80,blackberries,7,0,0,,westminster.garden.92,Spring/Summer,,https://www.westminster.gov.uk/parks,"Local Park, Westminster, Greater London",London,Westminster,Greater London,SW1A 1AA
True,,6,Westminster Community Garden 3,Wild Foraging,nuts,tree-fruits,51.4914,-0.1591,Local food growing project in Westminster.,A community project in Westminster growing seasonal produce available for local residents.,4;5;6;7;8;9,https://images.unsplash.com/photo-1591857177580-dc82b9ac4e1e?w=512&q=80,herbs,9,0,0,,westminster.garden.30,Spring/Summer,,https://www.westminster.gov.uk/parks,"Local Park, Westminster, Greater London",London,Westminster,Greater London,SW1A 1AA
True,,7,Westminster Community Garden 4,Community Orchard,fruits,community-garden,51.4953,-0.1639,Local food growing project in Westminster.,A community project in Westminster growing seasonal produce available for local residents.,4;5;6;7;8;9,https://images.unsplash.com/photo-1591857177580-dc82b9ac4e1e?w=512&q=80,blackberries,15,0,0,,westminster.garden.70,Spring/Summer,,https://www.westminster.gov.uk/parks,"Local Park, Westminster, Greater London",London,Westminster,Greater London,SW1A 1AA
True,,8,Westminster Community Garden 5,Wild Foraging,vegetables,hedgerow-fruit,51.4986,-0.1675,Local food growing project in Westminster.,A community project in Westminster growing seasonal produce available for local residents.,4;5;6;7;8;9,https://images.unsplash.com/photo-1591857177580-dc82b9ac4e1e?w=512&q=80,vegetables,5,0,0,,westminster.garden.98,Spring/Summer,,https://www.westminster.gov.uk/parks,"Local Park, Westminster, Greater London",London,Westminster,Greater London,SW1A 1AA
True,,9,Westminster Community Garden 6,Wild Foraging,vegetables,community-garden,51.503,-0.1509,Local food growing project in Westminster.,A community project in Westminster growing seasonal produce available for local residents.,4;5;6;7;8;9,https://images.unsplash.com/photo-1591857177580-dc82b9ac4e1e?w=512&q=80,blackberries,22,0,0,,westminster.garden.96,Spring/Summer,,https://www.westminster.gov.uk/parks,"Local Park, Westminster, Greater London",London,Westminster,Greater London,SW1A 1AA
True,,10,Westminster Community Garden 7,Community Orchard,vegetables,wild-greens,51.5094,-0.138,Local food growing project in Westminster.,A community project in Westminster growing seasonal produce available for local residents.,4;5;6;7;8;9,https://images.unsplash.com/photo-1591857177580-dc82b9ac4e1e?w=512&q=80,wild garlic,18,0,0,,westminster.garden.63,Spring/Summer,,https://www.westminster.gov.uk/parks,"Local Park, Westminster, Greater London",London,Westminster,Greater London,SW1A 1AA
